episode,reward
193,0.01365
9793,0.81305
19393,0.8565
28993,0.86905
38593,0.9443
48193,0.9557
57793,0.89315
67393,0.8836
76993,0.84335
86593,0.8105
96193,0.77525
105793,0.7437
115393,0.74015
124993,0.7675
134593,0.7547
144193,0.7584
153793,0.74505
163393,0.76005
172993,0.7705
182593,0.75705
