episode,reward
193,-0.0081
9793,0.7503
19393,0.7909
28993,0.80155
38593,0.82765
48193,0.85345
57793,0.8552
67393,0.8502
76993,0.82735
86593,0.82075
96193,0.8574
105793,0.83715
115393,0.8455
124993,0.8464
134593,0.8545
144193,0.8525
153793,0.86025
163393,0.91905
172993,0.8756
182593,0.81735
