episode,reward
197,0.01255
9797,0.62085
19397,0.68825
28997,0.69255
38597,0.7177
48197,0.68995
57797,0.7175
67397,0.6965
76997,0.7102
86597,0.705
96197,0.71215
105797,0.7299
115397,0.70045
124997,0.67285
134597,0.70955
144197,0.70135
153797,0.6998
163397,0.66545
172997,0.66825
182597,0.6553
